Date,Team,Win,GF,Opponent,Win,GF,Draw,modal_score,comp_tier,notes
June 11 🏆@@24268,:mx: MEX 🏡,74.6,2.1,:za: RSA,5.5,0.4,19.9,1-0,9,FIFA 2026 World Cup: Group Stage
June 12 🏆@@24269,:ca: CAN 🏡,65.8,2.0,:ba: BIH,11.5,0.7,22.8,1-0,9,FIFA 2026 World Cup: Group Stage
June 12 🏆@@24269,:kr: KOR,38.1,1.3,:cz: CZE,32.4,1.2,29.5,0-0,9,FIFA 2026 World Cup: Group Stage
June 13 🏆@@24270,:br: BRA,63.2,1.8,:ma: MAR,11.5,0.6,25.3,1-0,9,FIFA 2026 World Cup: Group Stage
June 13 🏆@@24270,:us: USA 🏡,39.0,1.3,:py: PAR,30.2,1.1,30.8,0-0,9,FIFA 2026 World Cup: Group Stage
June 13 🏆@@24270,:ch: SUI,85.9,3.2,:qa: QAT,2.9,0.4,11.2,2-0,9,FIFA 2026 World Cup: Group Stage
June 14 🏆@@24271,:tr: TUR,58.9,1.9,:au: AUS,16.7,0.9,24.3,1-0,9,FIFA 2026 World Cup: Group Stage
June 14 🏆@@24271,:gb-sct: SCO,61.3,2.0,:ht: HAI,15.5,0.9,23.2,1-0,9,FIFA 2026 World Cup: Group Stage
June 14 🏆@@24271,:de: GER,89.8,3.7,:cw: CUW,1.9,0.4,8.3,2-0,9,FIFA 2026 World Cup: Group Stage
June 14 🏆@@24271,:nl: NED,44.6,1.6,:jp: JPN,28.6,1.3,26.8,1-0,9,FIFA 2026 World Cup: Group Stage
June 15 🏆@@24272,:se: SWE,52.0,1.7,:tn: TUN,21.1,1.0,26.9,1-0,9,FIFA 2026 World Cup: Group Stage
June 15 🏆@@24272,:es: ESP,89.8,3.4,:cv: CPV,1.4,0.3,8.9,2-0,9,FIFA 2026 World Cup: Group Stage
June 15 🏆@@24272,:be: BEL,61.3,2.0,:eg: EGY,15.1,0.9,23.5,1-0,9,FIFA 2026 World Cup: Group Stage
June 15 🏆@@24272,:ec: ECU,57.7,1.7,:ci: CIV,15.4,0.7,26.9,1-0,9,FIFA 2026 World Cup: Group Stage
June 15 🏆@@24272,:uy: URU,75.6,2.2,:sa: KSA,5.6,0.4,18.8,1-0,9,FIFA 2026 World Cup: Group Stage
June 16 🏆@@24273,:ir: IRN,51.5,1.6,:nz: NZL,20.2,0.9,28.3,1-0,9,FIFA 2026 World Cup: Group Stage
June 16 🏆@@24273,:no: NOR,81.7,2.8,:iq: IRQ,4.2,0.5,14.1,2-0,9,FIFA 2026 World Cup: Group Stage
June 16 🏆@@24273,:fr: FRA,57.2,1.6,:sn: SEN,15.7,0.7,27.2,1-0,9,FIFA 2026 World Cup: Group Stage
June 17 🏆@@24274,:pt: POR,72.3,2.3,:cd: COD,8.2,0.6,19.5,1-0,9,FIFA 2026 World Cup: Group Stage
June 17 🏆@@24274,:gb-eng: ENG,61.8,1.9,:hr: CRO,14.0,0.8,24.2,1-0,9,FIFA 2026 World Cup: Group Stage
June 17 🏆@@24274,:ar: ARG,81.2,2.7,:dz: ALG,4.2,0.5,14.6,2-0,9,FIFA 2026 World Cup: Group Stage
June 17 🏆@@24274,:at: AUT,65.7,2.2,:jo: JOR,12.6,0.8,21.7,1-0,9,FIFA 2026 World Cup: Group Stage
June 18 🏆@@24275,:ch: SUI,67.5,2.2,:ba: BIH,11.7,0.8,20.8,1-0,9,FIFA 2026 World Cup: Group Stage
June 18 🏆@@24275,:cz: CZE,49.4,1.6,:za: RSA,22.4,1.0,28.1,1-0,9,FIFA 2026 World Cup: Group Stage
June 18 🏆@@24275,:co: COL,77.9,2.4,:uz: UZB,5.0,0.4,17.1,1-0,9,FIFA 2026 World Cup: Group Stage
June 18 🏆@@24275,:pa: PAN,50.3,1.6,:gh: GHA,21.8,1.0,27.9,1-0,9,FIFA 2026 World Cup: Group Stage
June 18 🏆@@24275,:ca: CAN 🏡,84.0,2.9,:qa: QAT,3.1,0.4,12.9,2-0,9,FIFA 2026 World Cup: Group Stage
June 19 🏆@@24276,:us: USA 🏡,51.0,1.6,:au: AUS,20.7,0.9,28.3,1-0,9,FIFA 2026 World Cup: Group Stage
June 19 🏆@@24276,:ma: MAR,38.9,1.2,:gb-sct: SCO,28.8,1.0,32.2,0-0,9,FIFA 2026 World Cup: Group Stage
June 19 🏆@@24276,:mx: MEX 🏡,63.4,1.7,:kr: KOR,10.7,0.5,25.9,1-0,9,FIFA 2026 World Cup: Group Stage
June 20 🏆@@24277,:tr: TUR,44.6,1.5,:py: PAR,27.4,1.1,27.9,1-0,9,FIFA 2026 World Cup: Group Stage
June 20 🏆@@24277,:br: BRA,86.9,3.2,:ht: HAI,2.5,0.4,10.6,2-0,9,FIFA 2026 World Cup: Group Stage
June 20 🏆@@24277,:de: GER,73.0,2.6,:ci: CIV,9.3,0.8,17.8,1-0,9,FIFA 2026 World Cup: Group Stage
June 20 🏆@@24277,:nl: NED,64.7,2.2,:se: SWE,13.9,0.9,21.4,1-0,9,FIFA 2026 World Cup: Group Stage
June 21 🏆@@24278,:ec: ECU,81.1,2.6,:cw: CUW,4.0,0.4,15.0,1-0,9,FIFA 2026 World Cup: Group Stage
June 21 🏆@@24278,:jp: JPN,68.7,2.1,:tn: TUN,9.8,0.6,21.5,1-0,9,FIFA 2026 World Cup: Group Stage
June 21 🏆@@24278,:es: ESP,89.7,3.4,:sa: KSA,1.4,0.3,8.9,2-0,9,FIFA 2026 World Cup: Group Stage
June 21 🏆@@24278,:uy: URU,75.7,2.2,:cv: CPV,5.5,0.4,18.8,1-0,9,FIFA 2026 World Cup: Group Stage
June 21 🏆@@24278,:be: BEL,63.5,2.0,:ir: IRN,13.5,0.8,23.0,1-0,9,FIFA 2026 World Cup: Group Stage
June 22 🏆@@24279,:ar: ARG,77.7,2.6,:at: AUT,6.0,0.6,16.3,1-0,9,FIFA 2026 World Cup: Group Stage
June 22 🏆@@24279,:eg: EGY,55.1,1.7,:nz: NZL,17.9,0.8,27.0,1-0,9,FIFA 2026 World Cup: Group Stage
June 22 🏆@@24279,:fr: FRA,86.6,3.0,:iq: IRQ,2.2,0.3,11.3,2-0,9,FIFA 2026 World Cup: Group Stage
June 23 🏆@@24280,:pt: POR,78.3,2.6,:uz: UZB,5.5,0.5,16.2,1-0,9,FIFA 2026 World Cup: Group Stage
June 23 🏆@@24280,:no: NOR,45.3,1.5,:sn: SEN,26.1,1.1,28.6,1-0,9,FIFA 2026 World Cup: Group Stage
June 23 🏆@@24280,:gb-eng: ENG,84.6,2.9,:gh: GHA,2.8,0.4,12.6,2-0,9,FIFA 2026 World Cup: Group Stage
June 23 🏆@@24280,:dz: ALG,57.5,1.8,:jo: JOR,17.4,0.9,25.1,1-0,9,FIFA 2026 World Cup: Group Stage
June 24 🏆@@24281,:ca: CAN 🏡,36.4,1.3,:ch: SUI,33.7,1.2,29.9,0-0,9,FIFA 2026 World Cup: Group Stage
June 24 🏆@@24281,:hr: CRO,55.0,1.7,:pa: PAN,18.8,0.9,26.2,1-0,9,FIFA 2026 World Cup: Group Stage
June 24 🏆@@24281,:ba: BIH,66.3,2.2,:qa: QAT,12.6,0.9,21.0,1-0,9,FIFA 2026 World Cup: Group Stage
June 24 🏆@@24281,:ma: MAR,63.4,1.9,:ht: HAI,12.5,0.7,24.0,1-0,9,FIFA 2026 World Cup: Group Stage
June 24 🏆@@24281,:co: COL,71.8,2.1,:cd: COD,7.6,0.5,20.7,1-0,9,FIFA 2026 World Cup: Group Stage
June 24 🏆@@24281,:br: BRA,71.4,2.2,:gb-sct: SCO,8.6,0.6,20.0,1-0,9,FIFA 2026 World Cup: Group Stage
June 25 🏆@@24282,:ci: CIV,65.9,2.1,:cw: CUW,11.8,0.7,22.3,1-0,9,FIFA 2026 World Cup: Group Stage
June 25 🏆@@24282,:mx: MEX 🏡,68.6,2.0,:cz: CZE,9.1,0.6,22.3,1-0,9,FIFA 2026 World Cup: Group Stage
June 25 🏆@@24282,:de: GER,47.2,1.7,:ec: ECU,26.5,1.2,26.3,1-0,9,FIFA 2026 World Cup: Group Stage
June 25 🏆@@24282,:kr: KOR,49.7,1.4,:za: RSA,20.6,0.8,29.7,1-0,9,FIFA 2026 World Cup: Group Stage
June 26 🏆@@24283,:nl: NED,75.1,2.4,:tn: TUN,6.9,0.6,18.0,1-0,9,FIFA 2026 World Cup: Group Stage
June 26 🏆@@24283,:py: PAR,46.5,1.4,:au: AUS,23.3,0.9,30.2,0-0,9,FIFA 2026 World Cup: Group Stage
June 26 🏆@@24283,:fr: FRA,52.1,1.8,:no: NOR,22.2,1.1,25.7,1-0,9,FIFA 2026 World Cup: Group Stage
June 26 🏆@@24283,:us: USA 🏡,31.9,1.3,:tr: TUR,40.6,1.5,27.6,1-1,9,FIFA 2026 World Cup: Group Stage
June 26 🏆@@24283,:jp: JPN,56.3,1.9,:se: SWE,19.2,1.0,24.5,1-0,9,FIFA 2026 World Cup: Group Stage
June 26 🏆@@24283,:sn: SEN,70.8,2.0,:iq: IRQ,7.4,0.5,21.7,1-0,9,FIFA 2026 World Cup: Group Stage
June 27 🏆@@24284,:gb-eng: ENG,76.5,2.4,:pa: PAN,6.0,0.5,17.5,1-0,9,FIFA 2026 World Cup: Group Stage
June 27 🏆@@24284,:be: BEL,78.0,2.6,:nz: NZL,5.9,0.6,16.1,1-0,9,FIFA 2026 World Cup: Group Stage
June 27 🏆@@24284,:sa: KSA,34.2,1.0,:cv: CPV,32.7,1.0,33.2,0-0,9,FIFA 2026 World Cup: Group Stage
June 27 🏆@@24284,:eg: EGY,37.1,1.2,:ir: IRN,32.1,1.1,30.8,0-0,9,FIFA 2026 World Cup: Group Stage
June 27 🏆@@24284,:hr: CRO,68.9,2.1,:gh: GHA,9.8,0.7,21.3,1-0,9,FIFA 2026 World Cup: Group Stage
June 27 🏆@@24284,:es: ESP,60.7,1.9,:uy: URU,14.8,0.8,24.5,1-0,9,FIFA 2026 World Cup: Group Stage
June 28 🏆@@24285,:pt: POR,33.0,1.2,:co: COL,36.9,1.3,30.1,0-0,9,FIFA 2026 World Cup: Group Stage
June 28 🏆@@24285,:at: AUT,44.9,1.7,:dz: ALG,28.7,1.3,26.4,1-0,9,FIFA 2026 World Cup: Group Stage
June 28 🏆@@24285,:cd: COD,43.5,1.4,:uz: UZB,27.2,1.1,29.3,0-0,9,FIFA 2026 World Cup: Group Stage
June 28 🏆@@24285,:ar: ARG,89.1,3.3,:jo: JOR,1.5,0.3,9.4,2-0,9,FIFA 2026 World Cup: Group Stage
May 16@@24242,:ie: IRL,88.2,3.5,:gd: GRN,2.4,0.4,9.4,2-0,1,Friendly
May 22@@24248,:mx: MEX 🏡,72.2,2.2,:gh: GHA,7.5,0.5,20.2,1-0,1,Friendly
May 26@@24252,:ng: NGA,75.4,2.4,:zw: ZIM,6.4,0.5,18.2,1-0,2,Unity Cup
May 27@@24253,:jm: JAM,79.4,2.5,:in: IND,4.7,0.5,15.9,1-0,2,Unity Cup
May 28@@24254,:eg: EGY 🏡,37.3,1.3,:ru: RUS,32.5,1.2,30.2,0-0,1,Friendly
May 28@@24254,:ie: IRL 🏡,68.7,2.1,:qa: QAT,9.6,0.6,21.7,1-0,1,Friendly
May 29@@24255,:ba: BIH 🏡,50.5,1.7,:mk: MKD,22.8,1.1,26.7,1-0,1,Friendly
May 29@@24255,:co: COL 🏡,76.8,2.4,:cr: CRC,5.8,0.5,17.4,1-0,1,Friendly
May 29@@24255,:iq: IRQ,67.6,1.8,:ad: AND,8.4,0.5,24.0,1-0,1,Friendly
May 30@@24256,:mx: MEX,46.9,1.4,:au: AUS,23.2,0.9,30.0,0-0,1,Friendly
May 30@@24256,:gb-sct: SCO 🏡,75.0,2.4,:cw: CUW,7.1,0.6,17.9,1-0,1,Friendly
May 30@@24256,:ec: ECU,70.1,2.1,:sa: KSA,8.4,0.5,21.5,1-0,1,Friendly
May 31@@24257,:de: GER 🏡,83.7,3.2,:fi: FIN,4.3,0.6,12.0,2-0,1,Friendly
May 31@@24257,:us: USA 🏡,32.8,1.1,:sn: SEN,35.4,1.1,31.8,0-0,1,Friendly
May 31@@24257,:br: BRA 🏡,77.4,2.5,:pa: PAN,5.9,0.5,16.7,1-0,1,Friendly
May 31@@24257,:rs: SRB,57.5,1.8,:cv: CPV,16.6,0.8,25.9,1-0,1,Friendly
May 31@@24257,:jp: JPN 🏡,76.3,2.7,:is: ISL,7.2,0.7,16.4,1-0,1,Friendly
May 31@@24257,:ch: SUI 🏡,72.3,2.3,:jo: JOR,8.4,0.6,19.3,1-0,1,Friendly
June 1@@24258,:ca: CAN 🏡,61.1,1.8,:uz: UZB,13.9,0.7,25.1,1-0,1,Friendly
June 1@@24258,:at: AUT 🏡,62.2,1.9,:tn: TUN,13.8,0.8,24.0,1-0,1,Friendly
June 1@@24258,:tr: TUR 🏡,74.1,2.6,:mk: MKD,8.3,0.7,17.6,1-0,1,Friendly
June 1@@24258,:no: NOR 🏡,63.3,2.1,:se: SWE,14.6,0.9,22.1,1-0,1,Friendly
June 1@@24258,:sk: SVK 🏡,76.3,2.5,:mt: MLT,6.4,0.6,17.3,1-0,1,Friendly
June 1@@24258,:bg: BUL 🏡,46.9,1.5,:me: MNE,25.0,1.1,28.1,1-0,1,Friendly
June 2@@24259,:hr: CRO 🏡,42.5,1.5,:be: BEL,29.2,1.2,28.3,0-0,1,Friendly
June 2@@24259,:nz: NZL,31.1,1.3,:ht: HAI,41.2,1.5,27.6,1-1,1,Friendly
June 2@@24259,:ge: GEO 🏡,43.1,1.4,:ro: ROU,27.4,1.1,29.4,0-0,1,Friendly
June 2@@24259,:gb-wls: WAL 🏡,52.0,1.5,:gh: GHA,19.4,0.8,28.7,1-0,1,Friendly
June 2@@24259,:bn: BRU 🏡,39.0,1.5,:tl: TLS,34.0,1.4,27.0,1-1,3,Southeast Asian Championship qualifying
June 3@@24260,:pl: POL 🏡,38.9,1.3,:ng: NGA,30.5,1.1,30.7,0-0,1,Friendly
June 3@@24260,:dk: DEN,56.0,1.8,:cd: COD,18.5,0.9,25.5,1-0,1,Friendly
June 3@@24260,:nl: NED 🏡,69.4,2.3,:dz: ALG,10.5,0.8,20.1,1-0,1,Friendly
June 3@@24260,:lu: LUX 🏡,7.1,0.5,:it: ITA,73.6,2.2,19.4,0-1,1,Friendly
June 3@@24260,:pa: PAN 🏡,68.2,2.2,:do: DOM,10.6,0.7,21.1,1-0,1,Friendly
June 4@@24261,:th: THA 🏡,48.0,1.6,:kw: KUW,24.3,1.1,27.7,1-0,1,Friendly
June 4@@24261,:se: SWE 🏡,41.5,1.4,:gr: GRE,29.3,1.1,29.2,0-0,1,Friendly
June 4@@24261,:ad: AND 🏡,50.4,1.2,:li: LIE,15.8,0.5,33.8,0-0,1,Friendly
June 4@@24261,:fr: FRA 🏡,73.9,2.3,:ci: CIV,7.3,0.6,18.8,1-0,1,Friendly
June 4@@24261,:es: ESP 🏡,90.6,3.7,:iq: IRQ,1.5,0.3,7.9,2-0,1,Friendly
June 4@@24261,:lb: LBN,54.9,1.7,:ye: YEM,17.9,0.8,27.2,1-0,5,AFC Asian Cup qualifying
June 4@@24261,:cz: CZE,54.3,1.7,:gt: GUA,19.4,0.9,26.2,1-0,1,Friendly
June 4@@24261,:si: SVN 🏡,76.1,2.5,:cy: CYP,6.9,0.6,17.1,1-0,1,Friendly
June 4@@24261,:mx: MEX 🏡,60.9,1.8,:rs: SRB,14.0,0.7,25.1,1-0,1,Friendly
June 4@@24261,:uy: URU,53.6,1.6,:kr: KOR,18.3,0.8,28.1,1-0,1,Friendly
June 5@@24262,:ru: RUS 🏡,70.4,2.2,:bf: BFA,9.3,0.7,20.3,1-0,1,Friendly
June 5@@24262,:sk: SVK 🏡,63.9,2.0,:me: MNE,13.2,0.8,22.9,1-0,1,Friendly
June 5@@24262,:sm: SMR 🏡,37.9,1.0,:bd: BAN,25.6,0.7,36.5,0-0,1,Friendly
June 5@@24262,:pe: PER,48.8,1.6,:ht: HAI,23.4,1.0,27.8,1-0,1,Friendly
June 5@@24262,:id: IDN 🏡,36.7,1.2,:om: OMA,32.7,1.1,30.6,0-0,1,Friendly
June 5@@24262,:md: MDA 🏡,20.7,0.9,:bg: BUL,51.0,1.6,28.3,0-1,1,Friendly
June 5@@24262,:hu: HUN 🏡,61.0,2.0,:fi: FIN,15.5,0.9,23.5,1-0,1,Friendly
June 5@@24262,:ca: CAN 🏡,49.8,1.4,:ie: IRL,19.6,0.8,30.6,0-0,1,Friendly
June 5@@24262,:by: BLR 🏡,48.0,1.5,:sy: SYR,23.3,1.0,28.8,1-0,1,Friendly
June 5@@24262,:az: AZE,39.2,1.3,:mt: MLT,30.5,1.1,30.3,0-0,1,Friendly
June 5@@24262,:ao: ANG,56.4,1.5,:bw: BOT,14.6,0.6,29.0,1-0,1,Friendly
June 5@@24262,:ge: GEO 🏡,68.9,2.1,:bh: BHR,9.8,0.7,21.3,1-0,1,Friendly
June 6@@24263,:br: BRA,72.6,2.3,:eg: EGY,8.4,0.6,19.1,1-0,1,Friendly
June 6@@24263,:pt: POR 🏡,71.9,2.3,:cl: CHI,8.6,0.6,19.5,1-0,1,Friendly
June 6@@24263,:pl: POL 🏡,48.5,1.6,:xk: KOS,24.1,1.1,27.4,1-0,1,Friendly
June 6@@24263,:us: USA 🏡,23.8,1.2,:de: GER,51.7,1.9,24.5,0-1,1,Friendly
June 6@@24263,:gb-eng: ENG,84.1,3.0,:nz: NZL,3.5,0.5,12.4,2-0,1,Friendly
June 6@@24263,:lt: LTU 🏡,32.7,1.0,:lv: LVA,34.3,1.1,32.9,0-0,4,Baltic Cup
June 6@@24263,:pa: PAN,44.2,1.6,:ba: BIH,28.2,1.2,27.6,1-0,1,Friendly
June 6@@24263,:cw: CUW 🏡,84.7,3.2,:aw: ARU,3.8,0.6,11.5,2-0,1,Friendly
June 6@@24263,:ro: ROU 🏡,34.1,1.1,:gb-wls: WAL,34.3,1.1,31.6,0-0,1,Friendly
June 6@@24263,:qa: QAT,35.7,1.3,:sv: SLV,35.8,1.3,28.5,0-0,1,Friendly
June 6@@24263,:ar: ARG,86.1,3.2,:hn: HON,2.9,0.4,11.0,2-0,1,Friendly
June 6@@24263,:gb-sct: SCO,61.0,2.0,:bo: BOL,15.7,0.9,23.3,1-0,1,Friendly
June 6@@24263,:al: ALB 🏡,56.0,1.6,:lu: LUX,16.4,0.8,27.6,1-0,1,Friendly
June 6@@24263,:ee: EST 🏡,39.3,1.1,:fo: FRO,27.5,0.9,33.2,0-0,4,Baltic Cup
June 6@@24263,:be: BEL 🏡,69.4,2.2,:tn: TUN,9.8,0.7,20.8,1-0,1,Friendly
June 6@@24263,:ch: SUI,50.9,1.6,:au: AUS,21.9,1.0,27.2,1-0,1,Friendly
June 6@@24263,:am: ARM 🏡,38.9,1.5,:kz: KAZ,33.3,1.3,27.8,1-1,1,Friendly
June 7@@24264,:co: COL,75.8,2.4,:jo: JOR,6.5,0.5,17.7,1-0,1,Friendly
June 7@@24264,:no: NOR,49.6,1.6,:ma: MAR,22.2,0.9,28.3,1-0,1,Friendly
June 7@@24264,:hr: CRO 🏡,60.2,1.8,:si: SVN,14.5,0.7,25.3,1-0,1,Friendly
June 7@@24264,:dk: DEN 🏡,54.3,1.7,:ua: UKR,18.7,0.9,27.0,1-0,1,Friendly
June 7@@24264,:ec: ECU,71.6,2.2,:gt: GUA,8.1,0.6,20.3,1-0,1,Friendly
June 7@@24264,:gr: GRE 🏡,25.4,0.9,:it: ITA,41.7,1.2,32.8,0-0,1,Friendly
June 8@@24265,:fr: FRA 🏡,79.9,2.6,:gb-nir: NIR,4.4,0.4,15.7,1-0,1,Friendly
June 8@@24265,:az: AZE,78.1,2.5,:sm: SMR,5.2,0.5,16.7,1-0,1,Friendly
June 8@@24265,:es: ESP,74.3,2.4,:pe: PER,7.4,0.6,18.3,1-0,1,Friendly
June 8@@24265,:uy: URU,55.2,1.8,:rs: SRB,18.7,0.9,26.1,1-0,1,Friendly
June 8@@24265,:ci: CIV,53.2,1.6,:iq: IRQ,19.2,0.9,27.6,1-0,1,Friendly
June 9@@24266,:ru: RUS 🏡,85.8,3.3,:tt: TRI,3.3,0.5,10.9,2-0,1,Friendly
June 9@@24266,:om: OMA,47.5,1.5,:kw: KUW,23.6,1.0,28.9,1-0,1,Friendly
June 9@@24266,:ar: ARG,86.6,3.4,:is: ISL,3.0,0.5,10.4,2-0,1,Friendly
June 9@@24266,:cl: CHI,35.2,1.3,:cd: COD,35.2,1.3,29.6,0-0,1,Friendly
June 9@@24266,:hu: HUN 🏡,71.1,2.4,:kz: KAZ,9.8,0.8,19.1,1-0,1,Friendly
June 9@@24266,:cn: CHN 🏡,55.2,1.7,:th: THA,18.2,0.9,26.6,1-0,1,Friendly
June 9@@24266,:tl: TLS 🏡,60.6,2.1,:bn: BRU,16.5,1.0,22.9,1-0,3,Southeast Asian Championship qualifying
June 9@@24266,:am: ARM 🏡,55.4,1.8,:md: MDA,19.0,1.0,25.6,1-0,1,Friendly
June 9@@24266,:sn: SEN,66.2,1.9,:sa: KSA,10.0,0.6,23.8,1-0,1,Friendly
June 9@@24266,:kh: CAM 🏡,21.7,1.0,:hk: HKG,52.0,1.7,26.4,0-1,1,Friendly
June 9@@24266,:ao: ANG,60.5,1.9,:cf: CTA,15.3,0.8,24.2,1-0,1,Friendly
June 10@@24267,:gb-eng: ENG,78.8,2.7,:cr: CRC,5.7,0.6,15.6,1-0,1,Friendly
June 10@@24267,:at: AUT,64.6,2.1,:gt: GUA,13.4,0.8,22.0,1-0,1,Friendly
June 10@@24267,:pt: POR 🏡,62.7,1.8,:ng: NGA,12.7,0.7,24.7,1-0,1,Friendly
July 24@@24311,:kh: CAM 🏡,21.3,1.1,:sg: SGP,53.8,1.9,24.9,0-1,4,Southeast Asian Championship
July 25@@24312,:mm: MYA 🏡,16.7,1.0,:my: MAS,60.1,2.1,23.1,0-1,4,Southeast Asian Championship
July 25@@24312,:la: LAO 🏡,2.0,0.4,:th: THA,89.8,3.7,8.3,0-2,4,Southeast Asian Championship
July 27@@24314,:id: IDN 🏡,93.9,4.4,:kh: CAM,0.8,0.3,5.2,3-0,4,Southeast Asian Championship
July 28@@24315,:my: MAS 🏡,93.6,4.4,:la: LAO,0.9,0.3,5.5,3-0,4,Southeast Asian Championship
July 28@@24315,:ph: PHI 🏡,76.8,2.7,:mm: MYA,7.2,0.7,16.0,1-0,4,Southeast Asian Championship
July 31@@24318,:vn: VIE 🏡,73.2,2.4,:sg: SGP,8.0,0.6,18.7,1-0,4,Southeast Asian Championship
Aug. 1@@24319,:la: LAO 🏡,6.3,0.7,:ph: PHI,79.1,2.9,14.6,0-2,4,Southeast Asian Championship
Aug. 1@@24319,:th: THA 🏡,66.1,2.2,:my: MAS,12.3,0.8,21.5,1-0,4,Southeast Asian Championship
Aug. 3@@24321,:id: IDN 🏡,59.3,1.9,:vn: VIE,16.3,0.9,24.4,1-0,4,Southeast Asian Championship
Aug. 4@@24322,:ph: PHI 🏡,25.0,1.2,:th: THA,48.6,1.7,26.4,0-1,4,Southeast Asian Championship
Aug. 4@@24322,:mm: MYA 🏡,72.8,2.6,:la: LAO,9.7,0.9,17.5,1-0,4,Southeast Asian Championship
Aug. 7@@24325,:vn: VIE 🏡,91.0,3.8,:kh: CAM,1.5,0.4,7.5,2-0,4,Southeast Asian Championship
Aug. 7@@24325,:sg: SGP 🏡,12.9,0.8,:id: IDN,64.9,2.1,22.1,0-1,4,Southeast Asian Championship
Aug. 8@@24326,:th: THA 🏡,89.2,3.6,:mm: MYA,2.1,0.4,8.8,2-0,4,Southeast Asian Championship
Aug. 8@@24326,:my: MAS 🏡,63.2,2.1,:ph: PHI,14.5,0.9,22.4,1-0,4,Southeast Asian Championship
Sept. 24@@24373,:at: AUT 🏡,66.8,2.4,:il: ISR,13.0,0.9,20.2,1-0,6,UEFA Nations League B
Sept. 24@@24373,:rs: SRB 🏡,37.9,1.3,:gr: GRE,32.0,1.2,30.1,0-0,6,UEFA Nations League A
Sept. 24@@24373,:no: NOR 🏡,55.7,1.9,:dk: DEN,19.3,1.0,25.0,1-0,6,UEFA Nations League A
Sept. 24@@24373,:nl: NED 🏡,44.0,1.8,:de: GER,30.6,1.4,25.4,1-1,6,UEFA Nations League A
Sept. 24@@24373,:ad: AND 🏡,21.7,0.7,:mt: MLT,42.9,1.1,35.4,0-0,6,UEFA Nations League D
Sept. 24@@24373,:xk: KOS 🏡,41.2,1.2,:ie: IRL,27.0,0.9,31.8,0-0,6,UEFA Nations League B
Sept. 24@@24373,:li: LIE 🏡,6.4,0.5,:lt: LTU,74.1,2.2,19.6,0-1,6,UEFA Nations League D
Sept. 24@@24373,:pt: POR 🏡,75.6,2.4,:gb-wls: WAL,6.5,0.5,17.9,1-0,6,UEFA Nations League A
Sept. 25@@24374,:tr: TUR 🏡,19.8,1.0,:fr: FRA,54.3,1.8,25.9,0-1,6,UEFA Nations League A
Sept. 25@@24374,:it: ITA 🏡,45.1,1.4,:be: BEL,25.1,1.0,29.8,0-0,6,UEFA Nations League A
Sept. 25@@24374,:am: ARM 🏡,46.1,1.5,:lv: LVA,25.4,1.1,28.4,1-0,6,UEFA Nations League C
Sept. 25@@24374,:se: SWE 🏡,58.3,1.8,:ro: ROU,16.3,0.8,25.3,1-0,6,UEFA Nations League B
Sept. 25@@24374,:pl: POL 🏡,58.0,1.9,:ba: BIH,17.5,0.9,24.6,1-0,6,UEFA Nations League B
Sept. 25@@24374,:hu: HUN 🏡,39.6,1.4,:ua: UKR,31.3,1.2,29.1,0-0,6,UEFA Nations League B
Sept. 25@@24374,:me: MNE 🏡,60.1,2.0,:cy: CYP,16.3,0.9,23.6,1-0,6,UEFA Nations League C
Sept. 25@@24374,:ge: GEO 🏡,51.4,1.5,:gb-nir: NIR,19.2,0.8,29.4,1-0,6,UEFA Nations League B
Sept. 26@@24375,:sm: SMR 🏡,1.1,0.3,:fi: FIN,91.2,3.6,7.7,0-2,6,UEFA Nations League C
Sept. 26@@24375,:mk: MKD 🏡,11.3,0.7,:ch: SUI,67.4,2.2,21.3,0-1,6,UEFA Nations League B
Sept. 26@@24375,:gb-eng: ENG 🏡,35.4,1.2,:es: ESP,34.5,1.2,30.0,0-0,6,UEFA Nations League A
Sept. 26@@24375,:sk: SVK 🏡,82.1,2.8,:md: MDA,3.9,0.4,14.0,2-0,6,UEFA Nations League C
Sept. 26@@24375,:al: ALB 🏡,60.2,1.7,:by: BLR,13.3,0.7,26.4,1-0,6,UEFA Nations League C
Sept. 26@@24375,:si: SVN 🏡,34.4,1.1,:gb-sct: SCO,34.3,1.1,31.2,0-0,6,UEFA Nations League B
Sept. 26@@24375,:fo: FRO 🏡,37.0,1.2,:kz: KAZ,31.8,1.1,31.2,0-0,6,UEFA Nations League C
Sept. 26@@24375,:bg: BUL 🏡,44.6,1.4,:lu: LUX,26.2,1.0,29.2,0-0,6,UEFA Nations League C
Sept. 26@@24375,:is: ISL 🏡,75.2,2.5,:ee: EST,7.1,0.6,17.7,1-0,6,UEFA Nations League C
Sept. 26@@24375,:cz: CZE 🏡,28.0,1.1,:hr: CRO,42.8,1.4,29.2,0-0,6,UEFA Nations League A
Sept. 27@@24376,:de: GER 🏡,70.2,2.4,:gr: GRE,10.5,0.8,19.4,1-0,6,UEFA Nations League A
Sept. 27@@24376,:lt: LTU 🏡,39.1,1.1,:az: AZE,27.8,0.9,33.2,0-0,6,UEFA Nations League D
Sept. 27@@24376,:gi: GIB 🏡,25.4,0.7,:ad: AND,35.8,0.9,38.8,0-0,6,UEFA Nations League D
Sept. 27@@24376,:no: NOR 🏡,38.6,1.4,:pt: POR,33.2,1.3,28.1,0-0,6,UEFA Nations League A
Sept. 27@@24376,:il: ISR 🏡,34.9,1.3,:ie: IRL,35.7,1.3,29.4,0-0,6,UEFA Nations League B
Sept. 27@@24376,:dk: DEN 🏡,61.8,1.9,:gb-wls: WAL,13.8,0.8,24.4,1-0,6,UEFA Nations League A
Sept. 27@@24376,:at: AUT 🏡,61.9,2.0,:xk: KOS,14.8,0.9,23.3,1-0,6,UEFA Nations League B
Sept. 27@@24376,:rs: SRB 🏡,19.1,1.0,:nl: NED,55.6,1.8,25.3,0-1,6,UEFA Nations League A
Sept. 28@@24377,:am: ARM 🏡,40.1,1.5,:me: MNE,32.5,1.3,27.4,1-1,6,UEFA Nations League C
Sept. 28@@24377,:lv: LVA 🏡,41.3,1.4,:cy: CYP,29.3,1.1,29.4,0-0,6,UEFA Nations League C
Sept. 28@@24377,:se: SWE 🏡,48.9,1.7,:pl: POL,24.5,1.1,26.7,1-0,6,UEFA Nations League B
Sept. 28@@24377,:gb-nir: NIR 🏡,31.9,1.1,:hu: HUN,37.1,1.2,31.0,0-0,6,UEFA Nations League B
Sept. 28@@24377,:ge: GEO 🏡,34.6,1.2,:ua: UKR,35.2,1.2,30.3,0-0,6,UEFA Nations League B
Sept. 28@@24377,:ro: ROU 🏡,42.2,1.4,:ba: BIH,28.4,1.1,29.4,0-0,6,UEFA Nations League B
Sept. 28@@24377,:tr: TUR 🏡,38.9,1.3,:it: ITA,30.7,1.1,30.4,0-0,6,UEFA Nations League A
Sept. 28@@24377,:be: BEL 🏡,22.3,1.0,:fr: FRA,50.7,1.7,27.0,0-1,6,UEFA Nations League A
Sept. 29@@24378,:md: MDA 🏡,28.9,1.0,:fo: FRO,38.9,1.2,32.2,0-0,6,UEFA Nations League C
Sept. 29@@24378,:fi: FIN 🏡,46.8,1.5,:by: BLR,24.3,1.0,29.0,1-0,6,UEFA Nations League C
Sept. 29@@24378,:lu: LUX 🏡,23.2,1.1,:is: ISL,50.5,1.7,26.3,0-1,6,UEFA Nations League C
Sept. 29@@24378,:es: ESP 🏡,78.6,2.6,:hr: CRO,5.5,0.5,15.9,1-0,6,UEFA Nations League A
Sept. 29@@24378,:sk: SVK 🏡,70.4,2.2,:kz: KAZ,9.3,0.7,20.3,1-0,6,UEFA Nations League C
Sept. 29@@24378,:bg: BUL 🏡,59.4,1.7,:ee: EST,14.4,0.7,26.2,1-0,6,UEFA Nations League C
Sept. 29@@24378,:si: SVN 🏡,60.4,1.8,:mk: MKD,14.7,0.8,24.9,1-0,6,UEFA Nations League B
Sept. 29@@24378,:sm: SMR 🏡,0.6,0.2,:al: ALB,93.5,4.0,5.9,0-3,6,UEFA Nations League C
Sept. 29@@24378,:cz: CZE 🏡,10.7,0.7,:gb-eng: ENG,67.1,2.0,22.2,0-1,6,UEFA Nations League A
Sept. 29@@24378,:gb-sct: SCO 🏡,32.6,1.2,:ch: SUI,37.7,1.3,29.7,0-0,6,UEFA Nations League B
Oct. 1@@24380,:az: AZE 🏡,85.6,2.9,:li: LIE,2.4,0.3,12.0,2-0,6,UEFA Nations League D
Oct. 1@@24380,:mt: MLT 🏡,78.6,2.5,:gi: GIB,4.9,0.4,16.5,1-0,6,UEFA Nations League D
Oct. 1@@24380,:ie: IRL 🏡,31.1,1.1,:at: AUT,38.1,1.2,30.7,0-0,6,UEFA Nations League B
Oct. 1@@24380,:gb-wls: WAL 🏡,15.5,0.8,:no: NOR,60.1,1.9,24.4,0-1,6,UEFA Nations League A
Oct. 1@@24380,:de: GER 🏡,74.5,2.7,:rs: SRB,8.6,0.8,16.9,1-0,6,UEFA Nations League A
Oct. 1@@24380,:gr: GRE 🏡,19.3,0.9,:nl: NED,54.0,1.7,26.7,0-1,6,UEFA Nations League A
Oct. 1@@24380,:il: ISR 🏡,38.2,1.5,:xk: KOS,34.7,1.4,27.1,1-1,6,UEFA Nations League B
Oct. 1@@24380,:dk: DEN 🏡,29.2,1.2,:pt: POR,42.1,1.4,28.7,0-0,6,UEFA Nations League A
Oct. 2@@24381,:pl: POL 🏡,54.6,1.7,:ro: ROU,18.7,0.9,26.6,1-0,6,UEFA Nations League B
Oct. 2@@24381,:lv: LVA 🏡,28.0,1.1,:me: MNE,42.2,1.4,29.7,0-0,6,UEFA Nations League C
Oct. 2@@24381,:fr: FRA 🏡,60.6,1.7,:it: ITA,12.9,0.6,26.5,1-0,6,UEFA Nations League A
Oct. 2@@24381,:hu: HUN 🏡,55.4,1.9,:ge: GEO,19.6,1.0,25.1,1-0,6,UEFA Nations League B
Oct. 2@@24381,:fo: FRO 🏡,14.3,0.7,:sk: SVK,59.0,1.7,26.7,0-1,6,UEFA Nations League C
Oct. 2@@24381,:kz: KAZ 🏡,66.2,2.0,:md: MDA,11.4,0.7,22.4,1-0,6,UEFA Nations League C
Oct. 2@@24381,:be: BEL 🏡,45.6,1.7,:tr: TUR,27.9,1.3,26.5,1-0,6,UEFA Nations League A
Oct. 2@@24381,:ua: UKR 🏡,57.9,1.5,:gb-nir: NIR,13.7,0.6,28.4,1-0,6,UEFA Nations League B
Oct. 2@@24381,:ba: BIH 🏡,30.1,1.2,:se: SWE,42.2,1.5,27.8,0-1,6,UEFA Nations League B
Oct. 2@@24381,:cy: CYP 🏡,39.8,1.5,:am: ARM,33.1,1.4,27.1,1-1,6,UEFA Nations League C
Oct. 3@@24382,:ch: SUI 🏡,67.3,2.1,:si: SVN,10.6,0.7,22.1,1-0,6,UEFA Nations League B
Oct. 3@@24382,:hr: CRO 🏡,20.6,0.9,:gb-eng: ENG,50.8,1.5,28.6,0-1,6,UEFA Nations League A
Oct. 3@@24382,:es: ESP 🏡,89.2,3.5,:cz: CZE,1.9,0.4,9.0,2-0,6,UEFA Nations League A
Oct. 3@@24382,:mk: MKD 🏡,21.0,0.9,:gb-sct: SCO,51.6,1.6,27.4,0-1,6,UEFA Nations League B
Oct. 3@@24382,:ee: EST 🏡,27.3,1.0,:lu: LUX,42.1,1.3,30.6,0-0,6,UEFA Nations League C
Oct. 3@@24382,:by: BLR 🏡,94.0,4.2,:sm: SMR,0.6,0.2,5.4,3-0,6,UEFA Nations League C
Oct. 3@@24382,:fi: FIN 🏡,29.7,1.0,:al: ALB,38.4,1.2,31.9,0-0,6,UEFA Nations League C
Oct. 3@@24382,:is: ISL 🏡,64.8,2.1,:bg: BUL,13.0,0.8,22.1,1-0,6,UEFA Nations League C
Oct. 4@@24383,:nl: NED 🏡,74.9,2.5,:rs: SRB,7.5,0.7,17.5,1-0,6,UEFA Nations League A
Oct. 4@@24383,:gr: GRE 🏡,14.9,0.9,:de: GER,62.8,2.1,22.3,0-1,6,UEFA Nations League A
Oct. 4@@24383,:gb-wls: WAL 🏡,24.9,1.0,:dk: DEN,46.2,1.5,29.0,0-1,6,UEFA Nations League A
Oct. 4@@24383,:xk: KOS 🏡,31.6,1.3,:at: AUT,40.2,1.5,28.2,0-0,6,UEFA Nations League B
Oct. 4@@24383,:mt: MLT 🏡,57.5,1.4,:ad: AND,12.6,0.5,29.9,1-0,6,UEFA Nations League D
Oct. 4@@24383,:ie: IRL 🏡,48.3,1.6,:il: ISR,23.8,1.0,28.0,1-0,6,UEFA Nations League B
Oct. 4@@24383,:az: AZE 🏡,45.5,1.3,:lt: LTU,22.5,0.8,32.0,0-0,6,UEFA Nations League D
Oct. 4@@24383,:pt: POR 🏡,51.7,1.7,:no: NOR,22.0,1.1,26.2,1-0,6,UEFA Nations League A
Oct. 5@@24384,:ua: UKR 🏡,46.9,1.5,:hu: HUN,24.9,1.1,28.2,1-0,6,UEFA Nations League B
Oct. 5@@24384,:gb-nir: NIR 🏡,42.4,1.3,:ge: GEO,26.1,0.9,31.5,0-0,6,UEFA Nations League B
Oct. 5@@24384,:me: MNE 🏡,51.7,1.8,:am: ARM,22.5,1.1,25.7,1-0,6,UEFA Nations League C
Oct. 5@@24384,:ro: ROU 🏡,29.9,1.1,:se: SWE,40.9,1.4,29.3,0-0,6,UEFA Nations League B
Oct. 5@@24384,:ba: BIH 🏡,31.3,1.3,:pl: POL,40.7,1.5,28.0,0-0,6,UEFA Nations League B
Oct. 5@@24384,:it: ITA 🏡,42.6,1.4,:tr: TUR,27.4,1.0,30.0,0-0,6,UEFA Nations League A
Oct. 5@@24384,:cy: CYP 🏡,41.9,1.4,:lv: LVA,28.8,1.1,29.3,0-0,6,UEFA Nations League C
Oct. 5@@24384,:fr: FRA 🏡,66.3,2.1,:be: BEL,11.8,0.8,21.9,1-0,6,UEFA Nations League A
Oct. 6@@24385,:gb-eng: ENG 🏡,81.2,2.7,:cz: CZE,4.3,0.5,14.5,2-0,6,UEFA Nations League A
Oct. 6@@24385,:by: BLR 🏡,36.0,1.2,:fi: FIN,33.8,1.2,30.2,0-0,6,UEFA Nations League C
Oct. 6@@24385,:kz: KAZ 🏡,55.4,1.6,:fo: FRO,17.1,0.8,27.5,1-0,6,UEFA Nations League C
Oct. 6@@24385,:ee: EST 🏡,19.0,0.9,:is: ISL,54.8,1.7,26.2,0-1,6,UEFA Nations League C
Oct. 6@@24385,:lu: LUX 🏡,34.7,1.2,:bg: BUL,35.3,1.2,30.0,0-0,6,UEFA Nations League C
Oct. 6@@24385,:al: ALB 🏡,96.6,5.1,:sm: SMR,0.2,0.1,3.2,4-0,6,UEFA Nations League C
Oct. 6@@24385,:hr: CRO 🏡,16.5,0.9,:es: ESP,58.1,1.8,25.3,0-1,6,UEFA Nations League A
Oct. 6@@24385,:gb-sct: SCO 🏡,56.6,1.7,:si: SVN,16.4,0.8,27.1,1-0,6,UEFA Nations League B
Oct. 6@@24385,:ch: SUI 🏡,81.1,2.8,:mk: MKD,4.7,0.5,14.2,2-0,6,UEFA Nations League B
Oct. 6@@24385,:md: MDA 🏡,6.2,0.5,:sk: SVK,76.1,2.4,17.7,0-1,6,UEFA Nations League C
Nov. 12@@24422,:cz: CZE 🏡,8.1,0.6,:es: ESP,73.2,2.4,18.7,0-1,6,UEFA Nations League A
Nov. 12@@24422,:me: MNE 🏡,51.5,1.6,:lv: LVA,20.6,0.9,27.9,1-0,6,UEFA Nations League C
Nov. 12@@24422,:it: ITA 🏡,22.4,0.8,:fr: FRA,46.2,1.3,31.4,0-0,6,UEFA Nations League A
Nov. 12@@24422,:al: ALB 🏡,55.1,1.6,:fi: FIN,16.7,0.7,28.2,1-0,6,UEFA Nations League C
Nov. 12@@24422,:am: ARM 🏡,53.9,1.9,:cy: CYP,21.2,1.1,24.9,1-0,6,UEFA Nations League C
Nov. 12@@24422,:tr: TUR 🏡,43.5,1.6,:be: BEL,29.7,1.3,26.7,1-1,6,UEFA Nations League A
Nov. 12@@24422,:sm: SMR 🏡,1.6,0.3,:by: BLR,88.9,3.3,9.5,0-2,6,UEFA Nations League C
Nov. 12@@24422,:gb-eng: ENG 🏡,66.4,2.0,:hr: CRO,10.8,0.6,22.9,1-0,6,UEFA Nations League A
Nov. 13@@24423,:gb-sct: SCO 🏡,72.6,2.3,:mk: MKD,8.1,0.6,19.3,1-0,6,UEFA Nations League B
Nov. 13@@24423,:ad: AND 🏡,54.1,1.3,:gi: GIB,13.2,0.5,32.7,0-0,6,UEFA Nations League D
Nov. 13@@24423,:lu: LUX 🏡,48.1,1.5,:ee: EST,22.5,0.9,29.5,1-0,6,UEFA Nations League C
Nov. 13@@24423,:si: SVN 🏡,21.6,0.9,:ch: SUI,50.3,1.6,28.2,0-1,6,UEFA Nations League B
Nov. 13@@24423,:md: MDA 🏡,21.6,0.9,:kz: KAZ,50.7,1.6,27.8,0-1,6,UEFA Nations League C
Nov. 13@@24423,:sk: SVK 🏡,74.5,2.3,:fo: FRO,6.4,0.5,19.0,1-0,6,UEFA Nations League C
Nov. 13@@24423,:rs: SRB 🏡,14.5,1.0,:de: GER,64.4,2.3,21.1,0-1,6,UEFA Nations League A
Nov. 13@@24423,:li: LIE 🏡,6.8,0.5,:az: AZE,72.8,2.1,20.4,0-1,6,UEFA Nations League D
Nov. 13@@24423,:nl: NED 🏡,70.5,2.2,:gr: GRE,9.3,0.7,20.3,1-0,6,UEFA Nations League A
Nov. 13@@24423,:bg: BUL 🏡,35.4,1.4,:is: ISL,36.3,1.4,28.2,0-0,6,UEFA Nations League C
Nov. 14@@24424,:ro: ROU 🏡,31.0,1.2,:pl: POL,39.5,1.3,29.5,0-0,6,UEFA Nations League B
Nov. 14@@24424,:ge: GEO 🏡,38.5,1.4,:hu: HUN,33.7,1.3,27.8,1-1,6,UEFA Nations League B
Nov. 14@@24424,:se: SWE 🏡,62.0,2.0,:ba: BIH,14.9,0.9,23.1,1-0,6,UEFA Nations League B
Nov. 14@@24424,:pt: POR 🏡,63.7,2.0,:dk: DEN,13.3,0.8,23.1,1-0,6,UEFA Nations League A
Nov. 14@@24424,:at: AUT 🏡,56.5,1.7,:ie: IRL,16.7,0.8,26.8,1-0,6,UEFA Nations League B
Nov. 14@@24424,:no: NOR 🏡,70.9,2.3,:gb-wls: WAL,9.2,0.7,19.9,1-0,6,UEFA Nations League A
Nov. 14@@24424,:gb-nir: NIR 🏡,29.4,0.9,:ua: UKR,36.5,1.0,34.2,0-0,6,UEFA Nations League B
Nov. 14@@24424,:xk: KOS 🏡,49.0,1.8,:il: ISR,25.1,1.2,26.0,1-0,6,UEFA Nations League B
Nov. 15@@24425,:lv: LVA 🏡,32.7,1.2,:am: ARM,37.9,1.3,29.4,0-0,6,UEFA Nations League C
Nov. 15@@24425,:es: ESP 🏡,55.2,1.7,:gb-eng: ENG,18.1,0.9,26.7,1-0,6,UEFA Nations League A
Nov. 15@@24425,:be: BEL 🏡,43.1,1.4,:it: ITA,26.7,1.0,30.2,0-0,6,UEFA Nations League A
Nov. 15@@24425,:fi: FIN 🏡,95.1,4.5,:sm: SMR,0.4,0.2,4.5,3-0,6,UEFA Nations League C
Nov. 15@@24425,:hr: CRO 🏡,63.5,2.0,:cz: CZE,13.0,0.8,23.5,1-0,6,UEFA Nations League A
Nov. 15@@24425,:by: BLR 🏡,25.6,0.9,:al: ALB,42.7,1.3,31.8,0-0,6,UEFA Nations League C
Nov. 15@@24425,:fr: FRA 🏡,65.5,2.1,:tr: TUR,12.5,0.8,22.1,1-0,6,UEFA Nations League A
Nov. 15@@24425,:cy: CYP 🏡,35.1,1.4,:me: MNE,37.2,1.4,27.8,1-1,6,UEFA Nations League C
Nov. 16@@24426,:lt: LTU 🏡,81.6,2.6,:li: LIE,3.6,0.4,14.8,2-0,6,UEFA Nations League D
Nov. 16@@24426,:gr: GRE 🏡,41.8,1.4,:rs: SRB,28.5,1.1,29.7,0-0,6,UEFA Nations League A
Nov. 16@@24426,:gi: GIB 🏡,12.8,0.7,:mt: MLT,61.8,1.8,25.4,0-1,6,UEFA Nations League D
Nov. 16@@24426,:mk: MKD 🏡,28.5,1.1,:si: SVN,41.9,1.4,29.6,0-0,6,UEFA Nations League B
Nov. 16@@24426,:kz: KAZ 🏡,20.6,0.9,:sk: SVK,52.2,1.7,27.2,0-1,6,UEFA Nations League C
Nov. 16@@24426,:fo: FRO 🏡,54.7,1.5,:md: MDA,16.8,0.7,28.5,1-0,6,UEFA Nations League C
Nov. 16@@24426,:is: ISL 🏡,62.3,2.1,:lu: LUX,14.8,0.9,22.9,1-0,6,UEFA Nations League C
Nov. 16@@24426,:ee: EST 🏡,29.1,1.0,:bg: BUL,39.6,1.2,31.3,0-0,6,UEFA Nations League C
Nov. 16@@24426,:ch: SUI 🏡,58.6,1.8,:gb-sct: SCO,16.0,0.8,25.4,1-0,6,UEFA Nations League B
Nov. 16@@24426,:de: GER 🏡,46.9,1.8,:nl: NED,28.0,1.4,25.1,1-1,6,UEFA Nations League A
Nov. 17@@24427,:pl: POL 🏡,43.3,1.6,:se: SWE,29.2,1.2,27.5,1-0,6,UEFA Nations League B
Nov. 17@@24427,:dk: DEN 🏡,32.5,1.3,:no: NOR,39.7,1.5,27.8,1-1,6,UEFA Nations League A
Nov. 17@@24427,:il: ISR 🏡,24.8,1.3,:at: AUT,50.2,1.9,24.9,0-1,6,UEFA Nations League B
Nov. 17@@24427,:gb-wls: WAL 🏡,13.1,0.7,:pt: POR,62.7,1.9,24.2,0-1,6,UEFA Nations League A
Nov. 17@@24427,:ba: BIH 🏡,40.3,1.3,:ro: ROU,30.1,1.1,29.6,0-0,6,UEFA Nations League B
Nov. 17@@24427,:ie: IRL 🏡,44.2,1.3,:xk: KOS,24.5,0.9,31.3,0-0,6,UEFA Nations League B
Nov. 17@@24427,:hu: HUN 🏡,56.1,1.7,:gb-nir: NIR,16.8,0.8,27.1,1-0,6,UEFA Nations League B
Nov. 17@@24427,:ua: UKR 🏡,57.2,1.7,:ge: GEO,16.6,0.8,26.2,1-0,6,UEFA Nations League B